<?xml version="1.0" encoding="utf-8" ?>
<dwsync>
<file name="index.html" server="ftp.mcclainitcourses.com//public_html/samsitconsulting/arnoldbeacham/" local="131127380042695854" remote="131127310200000000" Dst="2" />
<file name="about.html" server="ftp.mcclainitcourses.com//public_html/samsitconsulting/arnoldbeacham/" local="131127383083833832" remote="131127311400000000" Dst="2" />
<file name="contact.html" server="ftp.mcclainitcourses.com//public_html/samsitconsulting/arnoldbeacham/" local="131127393680956846" remote="131127321600000000" Dst="2" />
<file name="contact.html" server="ftp.mcclainitcourses.com//public_html/arnoldbeacham/" local="131128947679812650" remote="131128875600000000" Dst="2" />
<file name="about.html" server="ftp.mcclainitcourses.com//public_html/arnoldbeacham/" local="131129090221718207" remote="131129018400000000" Dst="2" />
<file name="process.php" server="ftp.mcclainitcourses.com//public_html/arnoldbeacham/" local="131128132014167898" remote="131128060200000000" Dst="2" />
<file name="contact.php" server="ftp.mcclainitcourses.com//public_html/arnoldbeacham/" local="131129101210000000" remote="131129029200000000" Dst="2" />
<file name="index.html" server="ftp.mcclainitcourses.com//public_html/arnoldbeacham/" local="131129090300438152" remote="131129018400000000" Dst="2" />
<file name="insert.php" server="ftp.mcclainitcourses.com//public_html/arnoldbeacham/" local="131129094523065370" remote="131129022000000000" Dst="2" />
<file name="success.html" server="ftp.mcclainitcourses.com//public_html/arnoldbeacham/" local="131128943538615389" remote="131128871400000000" Dst="2" />
<file name="samplemail.php" server="ftp.mcclainitcourses.com//public_html/arnoldbeacham/" local="131129087702489887" remote="131129015400000000" Dst="2" />
</dwsync>