<?xml version="1.0" encoding="utf-8" ?>
<dwsync>
<file name="jquery.min.js" server="ftp.mcclainitcourses.com//public_html/samsitconsulting/arnoldbeacham/" local="130850799400000000" remote="131127307200000000" Dst="2" />
<file name="jquery.dropotron.min.js" server="ftp.mcclainitcourses.com//public_html/samsitconsulting/arnoldbeacham/" local="130850799380000000" remote="131127307200000000" Dst="2" />
<file name="skel.min.js" server="ftp.mcclainitcourses.com//public_html/samsitconsulting/arnoldbeacham/" local="130850799400000000" remote="131127307200000000" Dst="2" />
<file name="skel-layers.min.js" server="ftp.mcclainitcourses.com//public_html/samsitconsulting/arnoldbeacham/" local="130850799390000000" remote="131127307200000000" Dst="2" />
<file name="init.js" server="ftp.mcclainitcourses.com//public_html/samsitconsulting/arnoldbeacham/" local="130850799370000000" remote="131127307200000000" Dst="2" />
<file name="jquery.min.js" server="ftp.mcclainitcourses.com//public_html/arnoldbeacham/" local="130850799400000000" remote="131127332400000000" Dst="2" />
<file name="jquery.dropotron.min.js" server="ftp.mcclainitcourses.com//public_html/arnoldbeacham/" local="130850799380000000" remote="131127332400000000" Dst="2" />
<file name="skel.min.js" server="ftp.mcclainitcourses.com//public_html/arnoldbeacham/" local="130850799400000000" remote="131127332400000000" Dst="2" />
<file name="skel-layers.min.js" server="ftp.mcclainitcourses.com//public_html/arnoldbeacham/" local="130850799390000000" remote="131127332400000000" Dst="2" />
<file name="init.js" server="ftp.mcclainitcourses.com//public_html/arnoldbeacham/" local="130850799370000000" remote="131127332400000000" Dst="2" />
<file name="plugins.js" server="ftp.mcclainitcourses.com//public_html/arnoldbeacham/" local="131128117181987718" remote="131128047000000000" Dst="2" />
<file name="script.js" server="ftp.mcclainitcourses.com//public_html/arnoldbeacham/" local="131128117182057714" remote="131128047000000000" Dst="2" />
<file name="jquery.js" server="ftp.mcclainitcourses.com//public_html/arnoldbeacham/" local="131128939908157795" remote="131128869600000000" Dst="2" />
<file name="jquery.validate.js" server="ftp.mcclainitcourses.com//public_html/arnoldbeacham/" local="131128939908427736" remote="131128869600000000" Dst="2" />
</dwsync>