<?xml version="1.0" encoding="utf-8" ?>
<dwsync>
<file name="banner.png" server="ftp.mcclainitcourses.com//public_html/arnoldbeacham/" local="130850799360000000" remote="131127304200000000" Dst="2" />
<file name="banner.png" server="ftp.mcclainitcourses.com//public_html/samsitconsulting/arnoldbeacham/" local="130850799360000000" remote="131127305400000000" Dst="2" />
<file name="accident2.jpg" server="ftp.mcclainitcourses.com//public_html/samsitconsulting/arnoldbeacham/" local="130850799110000000" remote="131127307200000000" Dst="2" />
<file name="dui.jpg" server="ftp.mcclainitcourses.com//public_html/samsitconsulting/arnoldbeacham/" local="130850799290000000" remote="131127307200000000" Dst="2" />
<file name="arrest3.jpg" server="ftp.mcclainitcourses.com//public_html/samsitconsulting/arnoldbeacham/" local="130850799150000000" remote="131127307200000000" Dst="2" />
<file name="trial.jpg" server="ftp.mcclainitcourses.com//public_html/samsitconsulting/arnoldbeacham/" local="130850799340000000" remote="131127307200000000" Dst="2" />
<file name="banner.jpg" server="ftp.mcclainitcourses.com//public_html/samsitconsulting/arnoldbeacham/" local="130850799190000000" remote="131127310200000000" Dst="2" />
<file name="accident2.jpg" server="ftp.mcclainitcourses.com//public_html/arnoldbeacham/" local="130850799110000000" remote="131127335400000000" Dst="2" />
<file name="arrest3.jpg" server="ftp.mcclainitcourses.com//public_html/arnoldbeacham/" local="130850799150000000" remote="131127335400000000" Dst="2" />
<file name="dui.jpg" server="ftp.mcclainitcourses.com//public_html/arnoldbeacham/" local="130850799290000000" remote="131127335400000000" Dst="2" />
<file name="trial.jpg" server="ftp.mcclainitcourses.com//public_html/arnoldbeacham/" local="130850799340000000" remote="131127335400000000" Dst="2" />
<file name="banner.jpg" server="ftp.mcclainitcourses.com//public_html/arnoldbeacham/" local="130850799190000000" remote="131127336000000000" Dst="2" />
<file name="Arnold_Small.jpg" server="ftp.mcclainitcourses.com//public_html/arnoldbeacham/" local="131128093234933587" remote="131128023000000000" Dst="2" />
<file name="accepted_48.png" server="ftp.mcclainitcourses.com//public_html/arnoldbeacham/" local="131128116930627880" remote="131128047000000000" Dst="2" />
<file name="accident2.png" server="ftp.mcclainitcourses.com//public_html/arnoldbeacham/" local="130850799120000000" remote="131128047000000000" Dst="2" />
<file name="arrest 2.jpg" server="ftp.mcclainitcourses.com//public_html/arnoldbeacham/" local="130850799120000000" remote="131128047000000000" Dst="2" />
<file name="accident.jpg" server="ftp.mcclainitcourses.com//public_html/arnoldbeacham/" local="130850799100000000" remote="131128047000000000" Dst="2" />
<file name="cancel_48.png" server="ftp.mcclainitcourses.com//public_html/arnoldbeacham/" local="131128116930717886" remote="131128047000000000" Dst="2" />
<file name="Arnold.jpg" server="ftp.mcclainitcourses.com//public_html/arnoldbeacham/" local="131128091193924929" remote="131128047000000000" Dst="2" />
<file name="dui 2.jpg" server="ftp.mcclainitcourses.com//public_html/arnoldbeacham/" local="130850799230000000" remote="131128047000000000" Dst="2" />
<file name="dui 3.jpg" server="ftp.mcclainitcourses.com//public_html/arnoldbeacham/" local="130850799250000000" remote="131128047000000000" Dst="2" />
<file name="loading.gif" server="ftp.mcclainitcourses.com//public_html/arnoldbeacham/" local="131128116930867880" remote="131128047000000000" Dst="2" />
<file name="pic01.jpg" server="ftp.mcclainitcourses.com//public_html/arnoldbeacham/" local="130850799300000000" remote="131128047000000000" Dst="2" />
<file name="pic02.jpg" server="ftp.mcclainitcourses.com//public_html/arnoldbeacham/" local="130850799300000000" remote="131128047000000000" Dst="2" />
<file name="pic03.jpg" server="ftp.mcclainitcourses.com//public_html/arnoldbeacham/" local="130850799310000000" remote="131128047000000000" Dst="2" />
<file name="pic04.jpg" server="ftp.mcclainitcourses.com//public_html/arnoldbeacham/" local="130850799310000000" remote="131128047000000000" Dst="2" />
<file name="trial 3.jpg" server="ftp.mcclainitcourses.com//public_html/arnoldbeacham/" local="130850799330000000" remote="131128047000000000" Dst="2" />
<file name="trial2.jpg" server="ftp.mcclainitcourses.com//public_html/arnoldbeacham/" local="130850799350000000" remote="131128047000000000" Dst="2" />
<file name="arrest.jpg" server="ftp.mcclainitcourses.com//public_html/arnoldbeacham/" local="130850799290000000" remote="131128047000000000" Dst="2" />
<file name="trial.png" server="ftp.mcclainitcourses.com//public_html/arnoldbeacham/" local="130850799400000000" remote="131128047000000000" Dst="2" />
<file name="bgr.png" server="ftp.mcclainitcourses.com//public_html/arnoldbeacham/" local="131128940138417606" remote="131128869600000000" Dst="2" />
</dwsync>