<?xml version="1.0" encoding="utf-8" ?>
<dwsync>
<file name="style.css" server="ftp.mcclainitcourses.com//public_html/arnoldbeacham/" local="131127377539917505" remote="131127332400000000" Dst="2" />
<file name="font-awesome.min.css" server="ftp.mcclainitcourses.com//public_html/arnoldbeacham/" local="130850880600000000" remote="131127303600000000" Dst="2" />
<file name="style.css" server="ftp.mcclainitcourses.com//public_html/samsitconsulting/arnoldbeacham/" local="131127377539917505" remote="131127305400000000" Dst="2" />
<file name="font-awesome.min.css" server="ftp.mcclainitcourses.com//public_html/samsitconsulting/arnoldbeacham/" local="130850880600000000" remote="131127305400000000" Dst="2" />
<file name="skel.css" server="ftp.mcclainitcourses.com//public_html/samsitconsulting/arnoldbeacham/" local="130850798960000000" remote="131127307200000000" Dst="2" />
<file name="style-wide.css" server="ftp.mcclainitcourses.com//public_html/samsitconsulting/arnoldbeacham/" local="130850798990000000" remote="131127307200000000" Dst="2" />
<file name="skel.css" server="ftp.mcclainitcourses.com//public_html/arnoldbeacham/" local="130850798960000000" remote="131127332400000000" Dst="2" />
<file name="style-wide.css" server="ftp.mcclainitcourses.com//public_html/arnoldbeacham/" local="130850798990000000" remote="131127332400000000" Dst="2" />
<file name="font-awesome-4.3.0.min.css" server="ftp.mcclainitcourses.com//public_html/arnoldbeacham/" local="130850880570000000" remote="131127335400000000" Dst="2" />
<file name="font-awesome.css" server="ftp.mcclainitcourses.com//public_html/arnoldbeacham/" local="130850880580000000" remote="131127335400000000" Dst="2" />
<file name="style - Copy.css" server="ftp.mcclainitcourses.com//public_html/arnoldbeacham/" local="131127374758569352" remote="131127335400000000" Dst="2" />
<file name="style-mobile.css" server="ftp.mcclainitcourses.com//public_html/arnoldbeacham/" local="130850798960000000" remote="131127335400000000" Dst="2" />
<file name="style-mobilep.css" server="ftp.mcclainitcourses.com//public_html/arnoldbeacham/" local="130850798970000000" remote="131127335400000000" Dst="2" />
<file name="style-narrow.css" server="ftp.mcclainitcourses.com//public_html/arnoldbeacham/" local="130850798970000000" remote="131127335400000000" Dst="2" />
<file name="style-narrower.css" server="ftp.mcclainitcourses.com//public_html/arnoldbeacham/" local="131128138119933841" remote="131128066200000000" Dst="2" />
<file name="style-normal.css" server="ftp.mcclainitcourses.com//public_html/arnoldbeacham/" local="130850798970000000" remote="131127335400000000" Dst="2" />
<file name="style1.css" server="ftp.mcclainitcourses.com//public_html/arnoldbeacham/" local="131128939643517918" remote="131128869600000000" Dst="2" />
</dwsync>